<?xml version="1.0" encoding="UTF-8" standalone="yes"?>
<addon id="repository.otakucustom" name="Otaku Custom Repository" version="1.2" provider-name="hanhsol0">
    <extension point="xbmc.addon.repository" name="Otaku Custom Repository">
        <dir>
            <info compressed="false">https://raw.githubusercontent.com/hanhsol0/otakucustom/main/repo/zips/addons.xml</info>
            <checksum>https://raw.githubusercontent.com/hanhsol0/otakucustom/main/repo/zips/addons.xml.md5</checksum>
            <datadir zip="true">https://raw.githubusercontent.com/hanhsol0/otakucustom/main/repo/zips/</datadir>
        </dir>
    </extension>
    <extension point="xbmc.addon.metadata">
        <summary>Otaku Custom Repository</summary>
        <description>Custom Otaku repository with Real-Debrid cache checking and UHD support</description>
        <disclaimer></disclaimer>
        <platform>all</platform>
        <assets>
            <icon>icon.png</icon>
            <fanart>fanart.jpg</fanart>
        </assets>
    </extension>
</addon>
